{
    "epoch": 4.0,
    "eval_accuracy": 0.8849999904632568,
    "eval_loss": 0.3063727915287018,
    "eval_runtime": 27.434,
    "eval_samples": 2000,
    "eval_samples_per_second": 72.902,
    "eval_steps_per_second": 9.113,
    "test_accuracy": 0.878000020980835,
    "test_loss": 0.309725284576416,
    "test_runtime": 13.748,
    "test_samples": 2000,
    "test_samples_per_second": 145.476,
    "test_steps_per_second": 18.185,
    "train_loss": 0.17871260905512873,
    "train_runtime": 5124.7719,
    "train_samples": 49401,
    "train_samples_per_second": 38.559,
    "train_steps_per_second": 1.205
}