{
    "epoch": 4.0,
    "eval_accuracy": 0.8849999904632568,
    "eval_loss": 0.3063727915287018,
    "eval_runtime": 27.434,
    "eval_samples": 2000,
    "eval_samples_per_second": 72.902,
    "eval_steps_per_second": 9.113
}