{
    "epoch": 4.0,
    "eval_exact_match": 52.54371233823965,
    "eval_f1": 73.45954873916028,
    "eval_samples": 10463
}