{
    "epoch": 4.0,
    "eval_accuracy": 0.7823293172690763,
    "eval_loss": 0.5338443517684937,
    "eval_runtime": 25.4608,
    "eval_samples": 2490,
    "eval_samples_per_second": 97.797,
    "eval_steps_per_second": 12.254
}