{
    "epoch": 4.0,
    "eval_accuracy": 0.9167791437152689,
    "eval_f1": 0.748792270531401,
    "eval_loss": 0.25869131088256836,
    "eval_precision": 0.7399892582204451,
    "eval_recall": 0.7578072480596467,
    "eval_runtime": 7.0692,
    "eval_samples": 1916,
    "eval_samples_per_second": 271.035,
    "eval_steps_per_second": 33.95,
    "predict_accuracy": 0.938844817412968,
    "predict_f1": 0.7820875767491452,
    "predict_loss": 0.19043637812137604,
    "predict_precision": 0.7711157833683753,
    "predict_recall": 0.7933761002536178,
    "predict_runtime": 3.8485,
    "predict_samples_per_second": 394.442,
    "predict_steps_per_second": 49.37,
    "train_loss": 0.3033677079211706,
    "train_runtime": 100.1332,
    "train_samples": 8324,
    "train_samples_per_second": 332.517,
    "train_steps_per_second": 10.426
}