{
    "epoch": 4.0,
    "eval_accuracy": 0.7755020080321285,
    "eval_loss": 0.5653622150421143,
    "eval_runtime": 126.1279,
    "eval_samples": 2490,
    "eval_samples_per_second": 19.742,
    "eval_steps_per_second": 2.474,
    "test_accuracy": 0.7662674650698603,
    "test_loss": 0.5849223136901855,
    "test_runtime": 323.539,
    "test_samples": 5010,
    "test_samples_per_second": 15.485,
    "test_steps_per_second": 1.938,
    "train_loss": 0.11839251233825783,
    "train_runtime": 38989.519,
    "train_samples": 392702,
    "train_samples_per_second": 40.288,
    "train_steps_per_second": 2.518
}