{
    "epoch": 4.0,
    "eval_accuracy": 0.9809472767468346,
    "eval_f1": 0.9776482408061355,
    "eval_loss": 0.0797061175107956,
    "eval_precision": 0.9756392947903431,
    "eval_recall": 0.9796654771635335,
    "eval_runtime": 29.3495,
    "eval_samples": 1654,
    "eval_samples_per_second": 56.355,
    "eval_steps_per_second": 7.053,
    "predict_accuracy": 0.9788715581728473,
    "predict_f1": 0.9764114385644165,
    "predict_loss": 0.08977311104536057,
    "predict_precision": 0.9741271635044311,
    "predict_recall": 0.978706451805669,
    "predict_runtime": 34.0548,
    "predict_samples_per_second": 50.536,
    "predict_steps_per_second": 6.343,
    "train_loss": 0.2797884987771378,
    "train_runtime": 2548.821,
    "train_samples": 14305,
    "train_samples_per_second": 22.45,
    "train_steps_per_second": 1.403
}