{
    "epoch": 4.0,
    "eval_accuracy": 0.9809472767468346,
    "eval_f1": 0.9776482408061355,
    "eval_loss": 0.0797061175107956,
    "eval_precision": 0.9756392947903431,
    "eval_recall": 0.9796654771635335,
    "eval_runtime": 29.3495,
    "eval_samples": 1654,
    "eval_samples_per_second": 56.355,
    "eval_steps_per_second": 7.053
}