{
    "epoch": 4.0,
    "eval_accuracy": 0.8144999742507935,
    "eval_loss": 0.43969255685806274,
    "eval_runtime": 6.0586,
    "eval_samples": 2000,
    "eval_samples_per_second": 330.108,
    "eval_steps_per_second": 41.264,
    "test_accuracy": 0.8050000071525574,
    "test_loss": 0.4485541880130768,
    "test_runtime": 4.2386,
    "test_samples": 2000,
    "test_samples_per_second": 471.852,
    "test_steps_per_second": 58.981,
    "train_loss": 0.29129027579114847,
    "train_runtime": 1241.7486,
    "train_samples": 49401,
    "train_samples_per_second": 159.134,
    "train_steps_per_second": 4.974
}