{
    "epoch": 4.0,
    "eval_accuracy": 0.8144999742507935,
    "eval_loss": 0.43969255685806274,
    "eval_runtime": 6.0586,
    "eval_samples": 2000,
    "eval_samples_per_second": 330.108,
    "eval_steps_per_second": 41.264
}