{
    "epoch": 4.0,
    "eval_accuracy": 0.7289999723434448,
    "eval_loss": 0.5693091750144958,
    "eval_runtime": 23.1034,
    "eval_samples": 2000,
    "eval_samples_per_second": 86.567,
    "eval_steps_per_second": 5.41,
    "test_accuracy": 0.7245000004768372,
    "test_loss": 0.5588811039924622,
    "test_runtime": 38.2947,
    "test_samples": 2000,
    "test_samples_per_second": 52.226,
    "test_steps_per_second": 6.528,
    "train_loss": 0.5629518254433271,
    "train_runtime": 4348.7594,
    "train_samples": 49401,
    "train_samples_per_second": 45.439,
    "train_steps_per_second": 0.71
}