{
    "epoch": 4.0,
    "eval_accuracy": 0.9367818188450735,
    "eval_f1": 0.8148731779750902,
    "eval_loss": 0.23001660406589508,
    "eval_precision": 0.8081870641981246,
    "eval_recall": 0.821670842754996,
    "eval_runtime": 36.8762,
    "eval_samples": 1916,
    "eval_samples_per_second": 51.958,
    "eval_steps_per_second": 6.508,
    "predict_accuracy": 0.9504753163312135,
    "predict_f1": 0.8239738840186334,
    "predict_loss": 0.1746983826160431,
    "predict_precision": 0.8105650573717255,
    "predict_recall": 0.8378338057586155,
    "predict_runtime": 28.2398,
    "predict_samples_per_second": 53.754,
    "predict_steps_per_second": 6.728,
    "train_loss": 0.28009348465846134,
    "train_runtime": 1653.7491,
    "train_samples": 8324,
    "train_samples_per_second": 20.134,
    "train_steps_per_second": 1.258
}