{
    "predict_accuracy": 0.9504753163312135,
    "predict_f1": 0.8239738840186334,
    "predict_loss": 0.1746983826160431,
    "predict_precision": 0.8105650573717255,
    "predict_recall": 0.8378338057586155,
    "predict_runtime": 28.2398,
    "predict_samples_per_second": 53.754,
    "predict_steps_per_second": 6.728
}