{
    "epoch": 4.0,
    "eval_accuracy": 0.8040000200271606,
    "eval_loss": 0.42362546920776367,
    "eval_runtime": 19.0263,
    "eval_samples": 2000,
    "eval_samples_per_second": 105.118,
    "eval_steps_per_second": 6.57,
    "test_accuracy": 0.8084999918937683,
    "test_loss": 0.4145565330982208,
    "test_runtime": 7.3106,
    "test_samples": 2000,
    "test_samples_per_second": 273.574,
    "test_steps_per_second": 34.197,
    "train_loss": 0.3579306528358262,
    "train_runtime": 2052.9219,
    "train_samples": 49401,
    "train_samples_per_second": 96.255,
    "train_steps_per_second": 1.504
}