{
    "epoch": 4.0,
    "eval_accuracy": 0.7923694779116466,
    "eval_loss": 0.52968829870224,
    "eval_runtime": 8.4905,
    "eval_samples": 2490,
    "eval_samples_per_second": 293.268,
    "eval_steps_per_second": 36.747,
    "test_accuracy": 0.7848303393213573,
    "test_loss": 0.551478385925293,
    "test_runtime": 17.4148,
    "test_samples": 5010,
    "test_samples_per_second": 287.687,
    "test_steps_per_second": 36.004,
    "train_loss": 0.44563368782692503,
    "train_runtime": 13704.9141,
    "train_samples": 392702,
    "train_samples_per_second": 114.616,
    "train_steps_per_second": 3.582
}