{
    "epoch": 4.0,
    "eval_accuracy": 0.9442478629360765,
    "eval_f1": 0.8460693359374999,
    "eval_loss": 0.20786139369010925,
    "eval_precision": 0.8449862846693081,
    "eval_recall": 0.847155167145389,
    "eval_runtime": 6.7682,
    "eval_samples": 1916,
    "eval_samples_per_second": 283.087,
    "eval_steps_per_second": 35.46,
    "predict_accuracy": 0.9597980725103258,
    "predict_f1": 0.8521230951324159,
    "predict_loss": 0.1410866677761078,
    "predict_precision": 0.84512105649303,
    "predict_recall": 0.8592421303893779,
    "predict_runtime": 4.9344,
    "predict_samples_per_second": 307.635,
    "predict_steps_per_second": 38.505,
    "train_loss": 0.23219373592963585,
    "train_runtime": 158.2149,
    "train_samples": 8324,
    "train_samples_per_second": 210.448,
    "train_steps_per_second": 6.573
}