{
    "epoch": 4.0,
    "eval_exact_match": 44.86281929990539,
    "eval_f1": 63.13484095336277,
    "eval_samples": 10847
}