{
    "predict_samples": 5418,
    "test_exact_match": 39.00628212450029,
    "test_f1": 63.14132893598709
}