{
    "epoch": 4.0,
    "eval_exact_match": 53.53831598864711,
    "eval_f1": 72.82139820174405,
    "eval_samples": 10847
}