{
    "predict_samples": 5418,
    "test_exact_match": 42.62326289739197,
    "test_f1": 65.671118094308
}