{
    "epoch": 4.0,
    "eval_exact_match": 54.10596026490066,
    "eval_f1": 73.25354383570969,
    "eval_samples": 10847
}