{
    "predict_samples": 5418,
    "test_exact_match": 41.55720540643442,
    "test_f1": 65.0744807887312
}