{
    "epoch": 4.0,
    "eval_accuracy": 0.9838547598311784,
    "eval_f1": 0.9829140722291407,
    "eval_loss": 0.06854496151208878,
    "eval_precision": 0.9823953479109412,
    "eval_recall": 0.9834333446302904,
    "eval_runtime": 8.2403,
    "eval_samples": 1654,
    "eval_samples_per_second": 200.722,
    "eval_steps_per_second": 25.121,
    "predict_accuracy": 0.9828107591914691,
    "predict_f1": 0.9815013724788162,
    "predict_loss": 0.07502370327711105,
    "predict_precision": 0.9801171913794816,
    "predict_recall": 0.9828894687568472,
    "predict_runtime": 8.0529,
    "predict_samples_per_second": 213.711,
    "predict_steps_per_second": 26.823,
    "train_loss": 0.22190316838172724,
    "train_runtime": 256.0003,
    "train_samples": 14305,
    "train_samples_per_second": 223.515,
    "train_steps_per_second": 6.984
}