{
    "epoch": 4.0,
    "eval_accuracy": 0.7871485943775101,
    "eval_loss": 0.5420254468917847,
    "eval_runtime": 33.6913,
    "eval_samples": 2490,
    "eval_samples_per_second": 73.906,
    "eval_steps_per_second": 9.261
}