{
    "epoch": 4.0,
    "eval_exact_match": 54.41074780203497,
    "eval_f1": 75.48109519979783,
    "eval_samples": 10463,
    "predict_samples": 5418,
    "test_exact_match": 43.46087949743004,
    "test_f1": 67.8386629556191,
    "train_loss": 1.7613071876825699,
    "train_runtime": 38863.4805,
    "train_samples": 83876,
    "train_samples_per_second": 8.633,
    "train_steps_per_second": 0.54
}