{
    "epoch": 4.0,
    "eval_exact_match": 54.41074780203497,
    "eval_f1": 75.48109519979783,
    "eval_samples": 10463
}