{
    "epoch": 4.0,
    "eval_exact_match": 49.254173663933614,
    "eval_f1": 70.16878598786177,
    "eval_samples": 10494,
    "predict_samples": 5414,
    "test_exact_match": 40.90995621549591,
    "test_f1": 63.37703823032554,
    "train_loss": 2.071715232392463,
    "train_runtime": 2742.7785,
    "train_samples": 83946,
    "train_samples_per_second": 122.425,
    "train_steps_per_second": 3.825
}