{
    "epoch": 4.0,
    "eval_exact_match": 49.254173663933614,
    "eval_f1": 70.16878598786177,
    "eval_samples": 10494
}