{
    "epoch": 4.0,
    "eval_accuracy": 0.9827158839686474,
    "eval_f1": 0.981543640872917,
    "eval_loss": 0.07440364360809326,
    "eval_precision": 0.9807914327799674,
    "eval_recall": 0.9822970036482527,
    "eval_runtime": 7.8679,
    "eval_samples": 1654,
    "eval_samples_per_second": 210.22,
    "eval_steps_per_second": 26.309,
    "predict_accuracy": 0.982200647249191,
    "predict_f1": 0.9807703780301071,
    "predict_loss": 0.0784159004688263,
    "predict_precision": 0.979134819638284,
    "predict_recall": 0.9824114096767126,
    "predict_runtime": 7.59,
    "predict_samples_per_second": 226.745,
    "predict_steps_per_second": 28.458,
    "train_loss": 0.2336848710207331,
    "train_runtime": 254.0056,
    "train_samples": 14305,
    "train_samples_per_second": 225.271,
    "train_steps_per_second": 7.039
}