{
    "predict_accuracy": 0.982200647249191,
    "predict_f1": 0.9807703780301071,
    "predict_loss": 0.0784159004688263,
    "predict_precision": 0.979134819638284,
    "predict_recall": 0.9824114096767126,
    "predict_runtime": 7.59,
    "predict_samples_per_second": 226.745,
    "predict_steps_per_second": 28.458
}