{
    "epoch": 4.0,
    "eval_exact_match": 54.99526963103122,
    "eval_f1": 71.8792073451579,
    "eval_samples": 10839,
    "train_loss": 1.755166405413722,
    "train_runtime": 2495.879,
    "train_samples": 89211,
    "train_samples_per_second": 142.973,
    "train_steps_per_second": 4.468
}