{
    "epoch": 4.0,
    "eval_exact_match": 54.99526963103122,
    "eval_f1": 71.8792073451579,
    "eval_samples": 10839
}