{
    "epoch": 4.0,
    "eval_accuracy": 0.9428738189909897,
    "eval_f1": 0.841962182081798,
    "eval_loss": 0.20121319591999054,
    "eval_precision": 0.8324075733142209,
    "eval_recall": 0.8517386787263949,
    "eval_runtime": 9.8918,
    "eval_samples": 1916,
    "eval_samples_per_second": 193.695,
    "eval_steps_per_second": 24.262,
    "predict_accuracy": 0.9564544679735134,
    "predict_f1": 0.8408274040930095,
    "predict_loss": 0.1527014821767807,
    "predict_precision": 0.827056277056277,
    "predict_recall": 0.8550648963150828,
    "predict_runtime": 7.9357,
    "predict_samples_per_second": 191.288,
    "predict_steps_per_second": 23.942,
    "train_loss": 0.25107157963972826,
    "train_runtime": 415.8099,
    "train_samples": 8324,
    "train_samples_per_second": 80.075,
    "train_steps_per_second": 2.501
}