{
    "init_mem_cpu_alloc_delta": 0,
    "init_mem_cpu_peaked_delta": 0,
    "predict_accuracy": 0.9716807649871276,
    "predict_f1": 0.8929750117868929,
    "predict_loss": 0.05363128334283829,
    "predict_precision": 0.8712051517939282,
    "predict_recall": 0.9158607350096711,
    "predict_runtime": 50.7951,
    "predict_samples_per_second": 1.969,
    "test_mem_cpu_alloc_delta": 37249024,
    "test_mem_cpu_peaked_delta": 0
}