{
    "epoch": 4.0,
    "eval_accuracy": 0.9727071749179339,
    "eval_f1": 0.966501092787602,
    "eval_loss": 0.11059156805276871,
    "eval_precision": 0.9632665993386008,
    "eval_recall": 0.9697573812324316,
    "eval_runtime": 5.6858,
    "eval_samples": 1654,
    "eval_samples_per_second": 290.903,
    "eval_steps_per_second": 36.407,
    "predict_accuracy": 0.9712318955912781,
    "predict_f1": 0.965019984329905,
    "predict_loss": 0.11832718551158905,
    "predict_precision": 0.9609884249200016,
    "predict_recall": 0.9690855128179591,
    "predict_runtime": 5.8695,
    "predict_samples_per_second": 293.211,
    "predict_steps_per_second": 36.8,
    "train_loss": 0.2810172087379864,
    "train_runtime": 88.7321,
    "train_samples": 14305,
    "train_samples_per_second": 644.863,
    "train_steps_per_second": 20.196
}