{
    "epoch": 4.0,
    "eval_exact_match": 58.23084200567644,
    "eval_f1": 76.19789486863587,
    "eval_samples": 10847
}