{
    "epoch": 4.0,
    "eval_accuracy": 0.9743953909023917,
    "eval_f1": 0.9699530703149857,
    "eval_loss": 0.11145423352718353,
    "eval_precision": 0.9675096697411485,
    "eval_recall": 0.9724088435238532,
    "eval_runtime": 18.4807,
    "eval_samples": 1654,
    "eval_samples_per_second": 89.499,
    "eval_steps_per_second": 11.201,
    "predict_accuracy": 0.9723592763541833,
    "predict_f1": 0.9674999999999999,
    "predict_loss": 0.12346009165048599,
    "predict_precision": 0.9637330276498607,
    "predict_recall": 0.9712965360635819,
    "predict_runtime": 19.9489,
    "predict_samples_per_second": 86.27,
    "predict_steps_per_second": 10.828,
    "train_loss": 0.3919562085362889,
    "train_runtime": 2514.4144,
    "train_samples": 14305,
    "train_samples_per_second": 22.757,
    "train_steps_per_second": 1.422
}