{
    "epoch": 4.0,
    "eval_accuracy": 0.946728437845791,
    "eval_f1": 0.8498369449270062,
    "eval_loss": 0.20127715170383453,
    "eval_precision": 0.8476410505836576,
    "eval_recall": 0.8520442461651286,
    "eval_runtime": 6.9776,
    "eval_samples": 1916,
    "eval_samples_per_second": 274.591,
    "eval_steps_per_second": 34.396,
    "predict_accuracy": 0.9579623680587426,
    "predict_f1": 0.8519421060404666,
    "predict_loss": 0.152377188205719,
    "predict_precision": 0.8434712677292002,
    "predict_recall": 0.8605848127704013,
    "predict_runtime": 5.071,
    "predict_samples_per_second": 299.35,
    "predict_steps_per_second": 37.468,
    "train_loss": 0.23039909463662367,
    "train_runtime": 162.75,
    "train_samples": 8324,
    "train_samples_per_second": 204.584,
    "train_steps_per_second": 6.39
}