{
    "epoch": 4.0,
    "eval_exact_match": 57.4077578051088,
    "eval_f1": 74.79682300696551,
    "eval_samples": 10847,
    "train_loss": 1.406451348125785,
    "train_runtime": 20027.1869,
    "train_samples": 89194,
    "train_samples_per_second": 17.815,
    "train_steps_per_second": 0.557
}