{
    "epoch": 4.0,
    "eval_exact_match": 57.4077578051088,
    "eval_f1": 74.79682300696551,
    "eval_samples": 10847
}