{
    "epoch": 4.0,
    "eval_accuracy": 0.9486567964091914,
    "eval_f1": 0.938331845680849,
    "eval_loss": 0.22258436679840088,
    "eval_precision": 0.9336280566026565,
    "eval_recall": 0.943083271864596,
    "eval_runtime": 19.3104,
    "eval_samples": 1654,
    "eval_samples_per_second": 85.653,
    "eval_steps_per_second": 10.72,
    "predict_accuracy": 0.947702795904292,
    "predict_f1": 0.9369921116264319,
    "predict_loss": 0.2371937483549118,
    "predict_precision": 0.9323538112612169,
    "predict_recall": 0.9416767922235723,
    "predict_runtime": 12.3425,
    "predict_samples_per_second": 139.437,
    "predict_steps_per_second": 17.501,
    "train_loss": 0.7033171109705163,
    "train_runtime": 1024.059,
    "train_samples": 14305,
    "train_samples_per_second": 55.876,
    "train_steps_per_second": 1.746
}