{
    "epoch": 4.0,
    "eval_exact_match": 53.443708609271525,
    "eval_f1": 72.94855944750569,
    "eval_samples": 10847,
    "predict_samples": 5418,
    "test_exact_match": 42.49000571102227,
    "test_f1": 65.86872705028837,
    "train_loss": 0.0944424649058254,
    "train_runtime": 489.034,
    "train_samples": 89194,
    "train_samples_per_second": 729.553,
    "train_steps_per_second": 22.796
}