{
    "epoch": 4.0,
    "eval_exact_match": 53.443708609271525,
    "eval_f1": 72.94855944750569,
    "eval_samples": 10847
}