{
    "predict_samples": 5418,
    "test_exact_match": 42.49000571102227,
    "test_f1": 65.86872705028837
}