{
    "epoch": 4.0,
    "eval_accuracy": 0.9848596502981175,
    "eval_f1": 0.9837697899034155,
    "eval_loss": 0.06384678184986115,
    "eval_precision": 0.9827130040382741,
    "eval_recall": 0.9848288510994597,
    "eval_runtime": 10.8823,
    "eval_samples": 1654,
    "eval_samples_per_second": 151.99,
    "eval_steps_per_second": 19.022,
    "predict_accuracy": 0.9843360390471643,
    "predict_f1": 0.9836290579248885,
    "predict_loss": 0.06608055531978607,
    "predict_precision": 0.9822808446395582,
    "predict_recall": 0.9849809772324363,
    "predict_runtime": 6.1405,
    "predict_samples_per_second": 280.271,
    "predict_steps_per_second": 35.176,
    "train_loss": 0.0,
    "train_runtime": 0.0851,
    "train_samples": 14305,
    "train_samples_per_second": 672478.256,
    "train_steps_per_second": 21013.476
}