{
    "epoch": 4.0,
    "eval_accuracy": 0.9452935954960542,
    "eval_f1": 0.8503584778479073,
    "eval_loss": 0.2148330956697464,
    "eval_precision": 0.8526574500768049,
    "eval_recall": 0.8480718694615902,
    "eval_runtime": 6.9874,
    "eval_samples": 1916,
    "eval_samples_per_second": 274.206,
    "eval_steps_per_second": 34.347,
    "predict_accuracy": 0.9600865403527175,
    "predict_f1": 0.8536279001034432,
    "predict_loss": 0.1489173024892807,
    "predict_precision": 0.8456302151954326,
    "predict_recall": 0.8617783082202,
    "predict_runtime": 5.0572,
    "predict_samples_per_second": 300.169,
    "predict_steps_per_second": 37.571,
    "train_loss": 0.2229310888510484,
    "train_runtime": 163.2325,
    "train_samples": 8324,
    "train_samples_per_second": 203.979,
    "train_steps_per_second": 6.371
}