{
    "epoch": 4.0,
    "eval_accuracy": 0.9062731793917728,
    "eval_f1": 0.7304975199158275,
    "eval_loss": 0.314468115568161,
    "eval_precision": 0.7188498402555911,
    "eval_recall": 0.7425288761229604,
    "eval_runtime": 22.9773,
    "eval_samples": 1916,
    "eval_samples_per_second": 83.387,
    "eval_steps_per_second": 10.445,
    "predict_accuracy": 0.9241329574509932,
    "predict_f1": 0.7475543875018251,
    "predict_loss": 0.2622997462749481,
    "predict_precision": 0.731951393852752,
    "predict_recall": 0.7638370878711025,
    "predict_runtime": 17.4794,
    "predict_samples_per_second": 86.845,
    "predict_steps_per_second": 10.87,
    "train_loss": 0.48454413689099823,
    "train_runtime": 1525.9143,
    "train_samples": 8324,
    "train_samples_per_second": 21.82,
    "train_steps_per_second": 1.363
}