{
    "epoch": 4.0,
    "eval_accuracy": 0.9813940036633568,
    "eval_f1": 0.9799910184122549,
    "eval_loss": 0.06920129060745239,
    "eval_precision": 0.9793166723178491,
    "eval_recall": 0.9806662938403771,
    "eval_runtime": 4.0909,
    "eval_samples": 1654,
    "eval_samples_per_second": 404.313,
    "eval_steps_per_second": 50.6,
    "predict_accuracy": 0.876165785077951,
    "predict_f1": 0.8683230305912188,
    "predict_loss": 0.4899074137210846,
    "predict_precision": 0.8620208099762003,
    "predict_recall": 0.8747180807536474,
    "predict_runtime": 4.9186,
    "predict_samples_per_second": 349.895,
    "predict_steps_per_second": 43.915,
    "train_loss": 0.2040409850222724,
    "train_runtime": 180.2704,
    "train_samples": 14305,
    "train_samples_per_second": 317.412,
    "train_steps_per_second": 9.941
}