{
    "epoch": 4.0,
    "eval_accuracy": 0.9813940036633568,
    "eval_f1": 0.9799910184122549,
    "eval_loss": 0.06920129060745239,
    "eval_precision": 0.9793166723178491,
    "eval_recall": 0.9806662938403771,
    "eval_runtime": 4.0909,
    "eval_samples": 1654,
    "eval_samples_per_second": 404.313,
    "eval_steps_per_second": 50.6
}