{
    "epoch": 4.0,
    "eval_exact_match": 57.59697256385998,
    "eval_f1": 74.95148717242262,
    "eval_samples": 10847
}