{
    "epoch": 4.0,
    "eval_accuracy": 0.9634715145544387,
    "eval_f1": 0.8173925220557345,
    "eval_loss": 0.12602801620960236,
    "eval_precision": 0.7987137383689108,
    "eval_recall": 0.8369658732434758,
    "eval_runtime": 3.3007,
    "eval_samples": 1916,
    "eval_samples_per_second": 580.485,
    "eval_steps_per_second": 72.712,
    "predict_accuracy": 0.9674139014681472,
    "predict_f1": 0.826936026936027,
    "predict_loss": 0.1162886694073677,
    "predict_precision": 0.7974025974025974,
    "predict_recall": 0.8587412587412587,
    "predict_runtime": 3.735,
    "predict_samples_per_second": 406.424,
    "predict_steps_per_second": 50.87,
    "train_loss": 0.15039016917290815,
    "train_runtime": 111.584,
    "train_samples": 8324,
    "train_samples_per_second": 298.394,
    "train_steps_per_second": 9.356
}