{
    "predict_accuracy": 0.9674139014681472,
    "predict_f1": 0.826936026936027,
    "predict_loss": 0.1162886694073677,
    "predict_precision": 0.7974025974025974,
    "predict_recall": 0.8587412587412587,
    "predict_runtime": 3.735,
    "predict_samples_per_second": 406.424,
    "predict_steps_per_second": 50.87
}