{
    "epoch": 4.0,
    "eval_exact_match": 53.443708609271525,
    "eval_f1": 71.55082564188973,
    "eval_samples": 10847
}