{
    "epoch": 4.0,
    "eval_accuracy": 0.7975903614457831,
    "eval_loss": 0.5130910277366638,
    "eval_runtime": 205.027,
    "eval_samples": 2490,
    "eval_samples_per_second": 12.145,
    "eval_steps_per_second": 1.522,
    "test_accuracy": 0.7946107784431138,
    "test_loss": 0.52541184425354,
    "test_runtime": 521.7846,
    "test_samples": 5010,
    "test_samples_per_second": 9.602,
    "test_steps_per_second": 1.202,
    "train_loss": 0.0,
    "train_runtime": 2.9154,
    "train_samples": 392702,
    "train_samples_per_second": 538796.862,
    "train_steps_per_second": 33673.603
}