{
    "predict_samples": 1256,
    "test_exact_match": 53.61344537815126,
    "test_f1": 74.5277326306401
}