{
    "epoch": 4.0,
    "eval_exact_match": 52.32638545885607,
    "eval_f1": 75.0422070100104,
    "eval_samples": 10463,
    "predict_samples": 5418,
    "test_exact_match": 42.07119741100323,
    "test_f1": 67.55786931719945,
    "train_loss": 0.0,
    "train_runtime": 0.0826,
    "train_samples": 83876,
    "train_samples_per_second": 4059442.577,
    "train_steps_per_second": 253703.062
}