{
    "epoch": 4.0,
    "eval_exact_match": 52.32638545885607,
    "eval_f1": 75.0422070100104,
    "eval_samples": 10463
}