{
    "predict_samples": 5418,
    "test_exact_match": 42.07119741100323,
    "test_f1": 67.55786931719945
}