{
    "epoch": 4.0,
    "eval_exact_match": 54.32355723746452,
    "eval_f1": 72.45477832133379,
    "eval_samples": 10847
}