{
    "epoch": 4.0,
    "eval_exact_match": 57.767265846736045,
    "eval_f1": 74.9072803994066,
    "eval_samples": 10847,
    "train_loss": 1.397297912553872,
    "train_runtime": 11643.9762,
    "train_samples": 89194,
    "train_samples_per_second": 30.64,
    "train_steps_per_second": 0.958
}