{
    "epoch": 4.0,
    "eval_exact_match": 57.767265846736045,
    "eval_f1": 74.9072803994066,
    "eval_samples": 10847
}