{
    "epoch": 4.0,
    "eval_accuracy": 0.8774999976158142,
    "eval_loss": 0.31606149673461914,
    "eval_runtime": 125.1476,
    "eval_samples": 2000,
    "eval_samples_per_second": 15.981,
    "eval_steps_per_second": 0.999,
    "test_accuracy": 0.8715000152587891,
    "test_loss": 0.3398455083370209,
    "test_runtime": 177.368,
    "test_samples": 2000,
    "test_samples_per_second": 11.276,
    "test_steps_per_second": 1.409,
    "train_loss": 0.25173201060665706,
    "train_runtime": 27642.6616,
    "train_samples": 49401,
    "train_samples_per_second": 7.149,
    "train_steps_per_second": 0.223
}