{
    "epoch": 4.0,
    "eval_accuracy": 0.8744999766349792,
    "eval_loss": 0.33044329285621643,
    "eval_runtime": 65.0101,
    "eval_samples": 2000,
    "eval_samples_per_second": 30.764,
    "eval_steps_per_second": 1.923
}