{
    "epoch": 4.0,
    "eval_exact_match": 39.75402081362346,
    "eval_f1": 58.3468679329213,
    "eval_samples": 10847,
    "predict_samples": 5418,
    "test_exact_match": 28.307633733104893,
    "test_f1": 49.7663550011196,
    "train_loss": 0.1288581549757734,
    "train_runtime": 199.1933,
    "train_samples": 89194,
    "train_samples_per_second": 1791.104,
    "train_steps_per_second": 55.966
}