{
    "epoch": 4.0,
    "eval_exact_match": 39.75402081362346,
    "eval_f1": 58.3468679329213,
    "eval_samples": 10847
}