{
    "predict_samples": 5418,
    "test_exact_match": 28.307633733104893,
    "test_f1": 49.7663550011196
}